{
    "cameras": [
        {
            "name": "Sahith Mac",
            "parameters": {
                "lw": 883.4455657396372,
                "lh": 749.1762746323296,
                "u0": 537.3118060176654,
                "v0": 349.0897685758779,
                "distortions": [
                    0.5217864552149248,
                    -0.1064354623024687,
                    -0.013407217961415273,
                    -0.2036869580855499,
                    -0.21324217664525694
                ]
            }
        }
    ]
}